{
    "N": 0.0355016476450271,
    "B": 0.2005315839751283,
    "E": 0.09867814850907652,
    "A": 0.06608055458886772,
    "F#m": 0.41124243617234435,
    "D": 0.11189883967672903,
    "Bm": 0.47101604608111525,
    "A7": 0.729862702035602,
    "C#m": 0.4355632254083432,
    "G": 0.10494139886781324,
    "C": 0.10399840812060568,
    "F": 0.34474365925936945,
    "Dm": 0.16738586761560295,
    "G7": 0.4793772776683541,
    "Am": 0.3347717352312059,
    "Fm": 0.835203710576823,
    "G#m": 1.3731315241686752,
    "D7": 0.2308112818403186,
    "C7": 1.6533624474684048,
    "Em": 0.4909985450057686,
    "E7": 0.9312041370799061,
    "F#": 0.5365215889135883,
    "D#m": 13.50245998765864,
    "Cm": 0.3507132464326919
}